Date,Time,Millis,Ax,
Ay,Az,Gx,Gy,Gz
# SESSION START
2026-07-01,14:26:28,
61195,-0.0161,0.0190
,-0.9984,1.9600,-4.1
300,-1.5400
2026-07-01,14:26:28,
61293,-0.0132,0.0088
,-0.9989,1.8900,-4.1
300,-1.4700
2026-07-01,14:26:29,
61394,-0.0098,0.0142
,-1.0024,1.4700,-4.0
600,-1.5400
2026-07-01,14:26:29,
61494,-0.0205,0.0307
,-0.9897,1.4000,-3.7
100,-1.5400
2026-07-01,14:26:29,
61594,-0.0005,0.0283
,-1.0180,1.7500,-3.9
900,-1.3300
2026-07-01,14:26:29,
61694,-0.0161,0.0298
,-0.9945,1.8200,-4.0
600,-1.4000
2026-07-01,14:26:29,
61793,-0.0083,0.0224
,-1.0009,1.5400,-3.9
200,-1.6800
2026-07-01,14:26:29,
61894,-0.0112,0.0205
,-1.0033,1.8200,-4.0
600,-1.6800
2026-07-01,14:26:29,
61994,-0.0142,0.0210
,-0.9955,1.8900,-4.0
600,-1.6100
2026-07-01,14:26:29,
62094,-0.0078,0.0176
,-0.9989,1.8200,-4.0
600,-1.6100
2026-07-01,14:26:29,
62194,-0.0132,0.0190
,-0.9965,1.7500,-4.1
300,-1.5400
2026-07-01,14:26:29,
62293,-0.0142,0.0190
,-0.9984,1.7500,-4.0
600,-1.5400
2026-07-01,14:26:30,
62394,-0.0107,0.0210
,-0.9975,1.9600,-4.0
600,-1.6100
2026-07-01,14:26:30,
62494,-0.0112,0.0215
,-0.9980,1.6800,-4.0
600,-1.4000
2026-07-01,14:26:30,
62594,-0.0146,0.0190
,-0.9984,1.7500,-4.0
600,-1.5400
2026-07-01,14:26:30,
62694,-0.0117,0.0205
,-0.9999,1.8200,-4.0
600,-1.4700
2026-07-01,14:26:30,
62793,-0.0112,0.0190
,-1.0004,1.7500,-4.0
600,-1.6100
2026-07-01,14:26:30,
62894,-0.0146,0.0215
,-0.9980,1.8200,-4.0
600,-1.5400
2026-07-01,14:26:30,
62994,-0.0107,0.0190
,-0.9994,1.7500,-4.0
600,-1.4000
2026-07-01,14:26:30,
63094,-0.0127,0.0195
,-0.9980,1.8200,-4.0
600,-1.4700
2026-07-01,14:26:30,
63194,-0.0122,0.0205
,-0.9999,1.7500,-4.0
600,-1.5400
2026-07-01,14:26:30,
63293,-0.0112,0.0200
,-1.0014,1.8200,-3.9
900,-1.5400
2026-07-01,14:26:31,
63394,-0.0117,0.0200
,-1.0014,1.8200,-4.1
300,-1.5400
2026-07-01,14:26:31,
63494,-0.0117,0.0234
,-0.9965,1.8200,-4.1
300,-1.4700
2026-07-01,14:26:31,
63594,-0.0127,0.0190
,-0.9872,1.9600,-4.2
000,-1.5400
2026-07-01,14:26:31,
63694,-0.0215,0.0264
,-0.9945,1.5400,-4.1
300,-1.4700
2026-07-01,14:26:31,
63793,-0.0068,0.0185
,-0.9965,2.0300,-3.9
900,-1.4000
2026-07-01,14:26:31,
63894,-0.0146,0.0220
,-1.0028,1.8900,-3.9
900,-1.6100
2026-07-01,14:26:31,
63994,-0.0117,0.0176
,-1.0004,1.7500,-4.0
600,-1.5400
2026-07-01,14:26:31,
64094,-0.0137,0.0185
,-0.9965,1.6100,-4.1
300,-1.5400
2026-07-01,14:26:31,
64194,-0.0098,0.0166
,-1.0189,1.4000,-4.0
600,-1.4700
2026-07-01,14:26:31,
64293,-0.0112,0.0190
,-1.0024,1.7500,-4.1
300,-1.4700
2026-07-01,14:26:32,
64394,-0.0195,0.0166
,-0.9931,1.7500,-3.9
200,-1.6100
2026-07-01,14:26:32,
64494,-0.0166,0.0166
,-1.0004,1.7500,-3.9
900,-1.5400
2026-07-01,14:26:32,
64594,-0.0142,0.0166
,-0.9994,1.8900,-4.0
600,-1.4700
2026-07-01,14:26:32,
64694,-0.0107,0.0200
,-1.0019,1.8900,-4.0
600,-1.4700
2026-07-01,14:26:32,
64793,-0.0132,0.0185
,-0.9975,1.8200,-4.0
600,-1.4700
2026-07-01,14:26:32,
64894,-0.0249,0.0176
,-1.0106,1.8900,-3.7
100,-1.4700
2026-07-01,14:26:32,
64994,-0.0054,0.0166
,-0.9975,2.4500,-3.8
500,-1.3300
2026-07-01,14:26:32,
65094,-0.0112,0.0181
,-0.9916,1.6800,-3.9
900,-1.6100
2026-07-01,14:26:32,
65194,-0.0171,0.0171
,-1.0043,1.8200,-3.9
900,-1.5400
2026-07-01,14:26:32,
65293,-0.0142,0.0176
,-0.9965,1.6800,-3.9
900,-1.4000
2026-07-01,14:26:33,
65394,-0.0142,0.0166
,-0.9960,1.6800,-3.9
900,-1.5400
2026-07-01,14:26:33,
65494,-0.0161,0.0190
,-0.9999,1.7500,-4.0
600,-1.5400
2026-07-01,14:26:33,
65594,-0.0127,0.0190
,-0.9999,1.8200,-4.1
300,-1.5400
2026-07-01,14:26:33,
65694,-0.0102,0.0205
,-0.9989,1.6800,-4.0
600,-1.5400
2026-07-01,14:26:33,
65793,-0.0132,0.0200
,-0.9989,1.7500,-4.1
300,-1.4700
2026-07-01,14:26:33,
65894,-0.0142,0.0205
,-0.9989,1.7500,-4.0
600,-1.4000
2026-07-01,14:26:33,
65994,-0.0102,0.0200
,-0.9980,1.8200,-4.2
000,-1.4700
2026-07-01,14:26:33,
66094,-0.0102,0.0190
,-0.9989,1.8200,-4.0
600,-1.4700
2026-07-01,14:26:33,
66198,-0.0132,0.0210
,-0.9994,1.7500,-4.1
300,-1.5400
2026-07-01,14:26:33,
66293,-0.0137,0.0220
,-0.9994,1.8200,-4.2
000,-1.4700
2026-07-01,14:26:34,
66394,-0.0112,0.0220
,-1.0009,1.7500,-4.1
300,-1.4700
2026-07-01,14:26:34,
66494,-0.0146,0.0224
,-0.9984,1.7500,-4.0
600,-1.4700
2026-07-01,14:26:34,
66594,-0.0107,0.0220
,-0.9960,1.6800,-4.1
300,-1.6100
2026-07-01,14:26:34,
66694,-0.0132,0.0185
,-0.9989,1.6800,-4.1
300,-1.6800
2026-07-01,14:26:34,
66793,-0.0146,0.0210
,-0.9965,1.7500,-3.9
900,-1.4700
2026-07-01,14:26:34,
66894,-0.0112,0.0210
,-0.9975,1.8200,-4.1
300,-1.4700
2026-07-01,14:26:34,
66994,-0.0112,0.0185
,-0.9984,1.8200,-4.1
300,-1.5400
2026-07-01,14:26:34,
67094,-0.0132,0.0200
,-0.9975,1.7500,-4.0
600,-1.6100
2026-07-01,14:26:34,
67194,-0.0127,0.0205
,-0.9984,1.7500,-3.9
900,-1.6100
2026-07-01,14:26:34,
67293,-0.0132,0.0215
,-0.9994,1.8900,-4.2
000,-1.5400
2026-07-01,14:26:35,
67394,-0.0122,0.0200
,-0.9975,1.7500,-4.0
600,-1.4700
2026-07-01,14:26:35,
67494,-0.0117,0.0200
,-0.9989,1.8200,-4.0
600,-1.6100
2026-07-01,14:26:35,
67594,-0.0142,0.0176
,-0.9980,1.8200,-4.0
600,-1.5400
2026-07-01,14:26:35,
67694,-0.0122,0.0210
,-0.9955,1.7500,-4.1
300,-1.5400
2026-07-01,14:26:35,
67793,-0.0112,0.0205
,-0.9980,1.6800,-4.0
600,-1.4700
2026-07-01,14:26:35,
67894,-0.0122,0.0190
,-0.9980,1.6800,-4.0
600,-1.4700
2026-07-01,14:26:35,
67994,-0.0122,0.0210
,-0.9994,1.7500,-4.1
300,-1.5400
2026-07-01,14:26:35,
68094,-0.0151,0.0195
,-0.9984,1.7500,-4.0
600,-1.4700
2026-07-01,14:26:35,
68194,-0.0117,0.0215
,-0.9984,1.7500,-4.2
000,-1.6100
2026-07-01,14:26:35,
68293,-0.0107,0.0185
,-1.0004,1.6800,-3.9
900,-1.5400
2026-07-01,14:26:36,
68394,-0.0127,0.0190
,-0.9970,1.8900,-3.9
900,-1.6100
2026-07-01,14:26:36,
68494,-0.0127,0.0205
,-0.9975,1.8200,-4.2
000,-1.5400
2026-07-01,14:26:36,
68594,-0.0132,0.0176
,-0.9989,1.8200,-4.0
600,-1.5400
2026-07-01,14:26:36,
68694,-0.0122,0.0190
,-0.9989,1.8900,-4.0
600,-1.4000
2026-07-01,14:26:36,
68793,-0.0127,0.0200
,-0.9994,1.8200,-4.0
600,-1.4700
2026-07-01,14:26:36,
68894,-0.0132,0.0215
,-0.9975,1.7500,-4.1
300,-1.4000
2026-07-01,14:26:36,
68994,-0.0142,0.0195
,-0.9989,1.7500,-4.0
600,-1.4000
2026-07-01,14:26:36,
69094,-0.0107,0.0215
,-0.9975,1.8200,-3.9
900,-1.5400
2026-07-01,14:26:36,
69194,-0.0132,0.0195
,-1.0004,1.6800,-4.0
600,-1.4700
2026-07-01,14:26:36,
69293,-0.0127,0.0215
,-1.0009,1.6800,-4.0
600,-1.4700
2026-07-01,14:26:37,
69394,-0.0137,0.0210
,-0.9984,1.7500,-4.1
300,-1.4000
2026-07-01,14:26:37,
69494,-0.0127,0.0200
,-0.9984,1.7500,-3.9
900,-1.4700
2026-07-01,14:26:37,
69594,-0.0112,0.0205
,-1.0009,1.8200,-3.9
200,-1.4700
2026-07-01,14:26:37,
69694,-0.0137,0.0185
,-0.9989,1.7500,-4.1
300,-1.4700
2026-07-01,14:26:37,
69793,-0.0151,0.0224
,-0.9989,1.7500,-3.9
900,-1.4700
2026-07-01,14:26:37,
69894,-0.0127,0.0200
,-0.9970,1.8200,-3.9
900,-1.5400
2026-07-01,14:26:37,
69994,-0.0107,0.0215
,-0.9994,1.7500,-3.9
900,-1.5400
2026-07-01,14:26:37,
70094,-0.0117,0.0229
,-1.0004,1.8200,-3.9
900,-1.5400
2026-07-01,14:26:37,
70194,-0.0117,0.0224
,-0.9970,1.7500,-4.0
600,-1.4700
2026-07-01,14:26:37,
70293,-0.0132,0.0185
,-0.9984,1.6800,-4.1
300,-1.4700
2026-07-01,14:26:38,
70394,-0.0127,0.0205
,-0.9965,1.8200,-4.0
600,-1.5400
2026-07-01,14:26:38,
70494,-0.0137,0.0210
,-0.9989,1.6800,-4.0
600,-1.4700
2026-07-01,14:26:38,
70594,-0.0112,0.0190
,-0.9989,1.7500,-3.9
900,-1.4700
2026-07-01,14:26:38,
70694,-0.0127,0.0205
,-0.9989,1.8200,-4.0
600,-1.4000
2026-07-01,14:26:38,
70793,-0.0127,0.0200
,-0.9994,1.7500,-4.2
000,-1.5400
2026-07-01,14:26:38,
70894,-0.0122,0.0200
,-0.9989,1.8200,-4.0
600,-1.5400
2026-07-01,14:26:38,
70994,-0.0117,0.0210
,-0.9984,1.6800,-4.0
600,-1.4700
2026-07-01,14:26:38,
71094,-0.0122,0.0215
,-0.9975,1.7500,-4.1
300,-1.4700
2026-07-01,14:26:38,
71198,-0.0137,0.0220
,-0.9999,1.8200,-3.9
900,-1.4000
2026-07-01,14:26:38,
71293,-0.0112,0.0195
,-0.9989,1.8200,-3.9
900,-1.4000
2026-07-01,14:26:39,
71394,-0.0122,0.0181
,-0.9994,1.8200,-4.1
300,-1.4700
2026-07-01,14:26:39,
71494,-0.0142,0.0200
,-0.9984,1.7500,-4.1
300,-1.4700
2026-07-01,14:26:39,
71594,-0.0132,0.0229
,-0.9984,1.8200,-4.1
300,-1.6100
2026-07-01,14:26:39,
71694,-0.0112,0.0190
,-0.9994,1.8200,-4.0
600,-1.5400
2026-07-01,14:26:39,
71793,-0.0122,0.0224
,-0.9980,1.8200,-4.0
600,-1.4700
2026-07-01,14:26:39,
71894,-0.0142,0.0200
,-1.0028,1.7500,-4.1
300,-1.5400
2026-07-01,14:26:39,
71994,-0.0122,0.0215
,-0.9965,1.7500,-4.0
600,-1.5400
2026-07-01,14:26:39,
72094,-0.0132,0.0215
,-0.9989,1.7500,-3.9
900,-1.6100
2026-07-01,14:26:39,
72194,-0.0137,0.0190
,-0.9989,1.7500,-4.0
600,-1.5400
2026-07-01,14:26:39,
72293,-0.0132,0.0210
,-0.9984,1.8900,-4.0
600,-1.5400
2026-07-01,14:26:40,
72394,-0.0112,0.0210
,-1.0028,1.8200,-3.9
900,-1.4000
2026-07-01,14:26:40,
72494,-0.0122,0.0220
,-0.9994,1.7500,-4.0
600,-1.4700
2026-07-01,14:26:40,
72594,-0.0142,0.0200
,-0.9994,1.6800,-4.1
300,-1.5400
2026-07-01,14:26:40,
72694,-0.0132,0.0234
,-0.9999,1.6800,-4.0
600,-1.4700
2026-07-01,14:26:40,
72793,-0.0142,0.0215
,-0.9980,1.6800,-4.0
600,-1.4700
2026-07-01,14:26:40,
72894,-0.0151,0.0195
,-0.9980,1.7500,-4.0
600,-1.5400
2026-07-01,14:26:40,
72994,-0.0137,0.0205
,-0.9989,1.8200,-3.9
900,-1.4000
2026-07-01,14:26:40,
73094,-0.0127,0.0200
,-0.9965,1.8200,-4.0
600,-1.6100
2026-07-01,14:26:40,
73194,-0.0127,0.0200
,-0.9980,1.7500,-3.9
200,-1.5400
2026-07-01,14:26:40,
73293,-0.0142,0.0220
,-0.9984,1.6800,-4.0
600,-1.4000
2026-07-01,14:26:41,
73394,-0.0127,0.0200
,-0.9989,1.7500,-4.1
300,-1.4700
2026-07-01,14:26:41,
73494,-0.0127,0.0205
,-0.9984,1.7500,-4.0
600,-1.4700
2026-07-01,14:26:41,
73594,-0.0132,0.0195
,-0.9975,1.7500,-4.0
600,-1.4700
2026-07-01,14:26:41,
73694,-0.0132,0.0220
,-0.9984,1.8200,-3.9
900,-1.5400
2026-07-01,14:26:41,
73793,-0.0107,0.0195
,-0.9989,1.7500,-4.0
600,-1.5400
2026-07-01,14:26:41,
73894,-0.0112,0.0185
,-0.9980,1.7500,-3.9
900,-1.4700
2026-07-01,14:26:41,
73994,-0.0127,0.0205
,-1.0014,1.8200,-3.9
900,-1.4700
2026-07-01,14:26:41,
74094,-0.0137,0.0224
,-1.0004,1.6800,-4.1
300,-1.4700
2026-07-01,14:26:41,
74194,-0.0132,0.0210
,-0.9980,1.7500,-4.0
600,-1.4700
2026-07-01,14:26:41,
74293,-0.0112,0.0190
,-0.9980,1.8200,-3.9
900,-1.5400
2026-07-01,14:26:42,
74394,-0.0127,0.0205
,-0.9994,1.7500,-3.9
900,-1.5400
2026-07-01,14:26:42,
74494,-0.0122,0.0190
,-0.9984,1.7500,-4.0
600,-1.4700
2026-07-01,14:26:42,
74594,-0.0132,0.0205
,-0.9980,1.7500,-4.1
300,-1.4700
2026-07-01,14:26:42,
74694,-0.0137,0.0195
,-1.0004,1.7500,-3.9
900,-1.4000
2026-07-01,14:26:42,
74793,-0.0107,0.0205
,-0.9994,1.8200,-4.0
600,-1.6100
2026-07-01,14:26:42,
74894,-0.0112,0.0200
,-0.9980,1.6800,-4.0
600,-1.4700
2026-07-01,14:26:42,
74994,-0.0151,0.0185
,-0.9994,1.7500,-4.0
600,-1.4700
2026-07-01,14:26:42,
75094,-0.0132,0.0215
,-0.9980,1.8900,-4.0
600,-1.4700
2026-07-01,14:26:42,
75194,-0.0117,0.0185
,-0.9984,1.6800,-4.0
600,-1.5400
2026-07-01,14:26:42,
75293,-0.0117,0.0210
,-0.9984,1.7500,-4.0
600,-1.5400
2026-07-01,14:26:43,
75394,-0.0132,0.0200
,-0.9980,1.8200,-4.1
300,-1.4700
2026-07-01,14:26:43,
75494,-0.0117,0.0210
,-0.9989,1.7500,-4.0
600,-1.4700
2026-07-01,14:26:43,
75594,-0.0132,0.0195
,-0.9975,1.8900,-4.1
300,-1.4700
2026-07-01,14:26:43,
75694,-0.0137,0.0200
,-0.9980,1.7500,-4.1
300,-1.5400
2026-07-01,14:26:43,
75793,-0.0107,0.0176
,-0.9994,1.7500,-3.9
900,-1.4000
2026-07-01,14:26:43,
75894,-0.0132,0.0195
,-0.9984,1.8200,-4.1
300,-1.6100
2026-07-01,14:26:43,
75994,-0.0132,0.0200
,-1.0004,1.8200,-4.1
300,-1.5400
2026-07-01,14:26:43,
76094,-0.0122,0.0195
,-0.9975,1.7500,-4.0
600,-1.4000
2026-07-01,14:26:43,
76198,-0.0127,0.0190
,-0.9975,1.7500,-4.2
000,-1.5400
2026-07-01,14:26:43,
76293,-0.0132,0.0200
,-0.9980,1.7500,-4.1
300,-1.4700
2026-07-01,14:26:44,
76394,-0.0137,0.0195
,-0.9989,1.8200,-4.1
300,-1.4700
2026-07-01,14:26:44,
76494,-0.0127,0.0210
,-0.9984,1.8200,-4.1
300,-1.4700
2026-07-01,14:26:44,
76594,-0.0137,0.0190
,-0.9999,1.8200,-4.0
600,-1.5400
2026-07-01,14:26:44,
76694,-0.0127,0.0215
,-0.9989,1.8200,-4.1
300,-1.4700
2026-07-01,14:26:44,
76793,-0.0137,0.0181
,-0.9989,1.8200,-4.2
000,-1.4700
2026-07-01,14:26:44,
76894,-0.0137,0.0195
,-0.9999,1.6800,-4.0
600,-1.4700
2026-07-01,14:26:44,
76994,-0.0122,0.0200
,-0.9980,1.8200,-4.0
600,-1.5400
2026-07-01,14:26:44,
77094,-0.0117,0.0205
,-0.9965,1.7500,-4.2
000,-1.5400
2026-07-01,14:26:44,
77194,-0.0132,0.0190
,-0.9994,1.7500,-3.9
900,-1.5400
2026-07-01,14:26:44,
77293,-0.0112,0.0195
,-0.9975,1.8200,-4.0
600,-1.4700
2026-07-01,14:26:45,
77394,-0.0122,0.0195
,-0.9970,1.7500,-4.1
300,-1.4000
2026-07-01,14:26:45,
77494,-0.0117,0.0205
,-0.9975,1.7500,-3.9
900,-1.4700
2026-07-01,14:26:45,
77594,-0.0102,0.0195
,-0.9984,1.7500,-4.1
300,-1.4700
2026-07-01,14:26:45,
77694,-0.0137,0.0190
,-0.9994,1.8200,-3.9
900,-1.5400
2026-07-01,14:26:45,
77793,-0.0132,0.0205
,-0.9960,1.7500,-4.0
600,-1.5400
2026-07-01,14:26:45,
77894,-0.0132,0.0205
,-0.9989,1.7500,-4.1
300,-1.4700
2026-07-01,14:26:45,
77994,-0.0132,0.0171
,-0.9984,1.8200,-3.9
900,-1.4000
2026-07-01,14:26:45,
78094,-0.0122,0.0122
,-0.9848,1.6100,-4.0
600,-1.6100
2026-07-01,14:26:45,
78194,-0.0112,0.0190
,-1.0058,1.7500,-4.2
000,-1.4700
2026-07-01,14:26:45,
78293,-0.0161,0.0200
,-0.9950,1.8200,-3.9
200,-1.4700
2026-07-01,14:26:46,
78394,-0.0083,0.0205
,-1.0004,1.8200,-3.9
900,-1.5400
2026-07-01,14:26:46,
78494,-0.0142,0.0200
,-0.9999,1.8900,-3.9
900,-1.6100
2026-07-01,14:26:46,
78594,-0.0137,0.0200
,-0.9999,1.8200,-4.1
300,-1.4000
2026-07-01,14:26:46,
78694,-0.0117,0.0234
,-0.9975,1.7500,-4.0
600,-1.4700
2026-07-01,14:26:46,
78793,-0.0142,0.0190
,-0.9999,1.7500,-3.9
900,-1.4700
2026-07-01,14:26:46,
78894,-0.0132,0.0215
,-1.0009,1.8900,-4.1
300,-1.5400
2026-07-01,14:26:46,
78994,-0.0102,0.0205
,-0.9970,1.9600,-4.0
600,-1.5400
2026-07-01,14:26:46,
79094,-0.0132,0.0205
,-0.9984,1.7500,-3.9
900,-1.5400
2026-07-01,14:26:46,
79194,-0.0132,0.0205
,-0.9999,1.7500,-4.2
000,-1.5400
2026-07-01,14:26:46,
79293,-0.0107,0.0200
,-0.9994,1.8200,-4.0
600,-1.5400
2026-07-01,14:26:47,
79394,-0.0112,0.0215
,-0.9980,1.7500,-4.1
300,-1.4700
2026-07-01,14:26:47,
79494,-0.0117,0.0239
,-1.0004,1.5400,-4.0
600,-1.5400
2026-07-01,14:26:47,
79594,-0.0122,0.0220
,-0.9980,1.9600,-4.1
300,-1.5400
2026-07-01,14:26:47,
79694,-0.0127,0.0200
,-0.9955,1.8900,-4.2
000,-1.4700
2026-07-01,14:26:47,
79793,-0.0107,0.0190
,-0.9980,1.7500,-4.0
600,-1.5400
2026-07-01,14:26:47,
79894,-0.0127,0.0181
,-0.9999,1.7500,-4.1
300,-1.5400
2026-07-01,14:26:47,
79994,-0.0142,0.0195
,-1.1204,1.6800,-4.0
600,-1.5400
2026-07-01,14:26:47,
80094,-0.0107,0.0210
,-0.9989,1.8200,-4.1
300,-1.5400
2026-07-01,14:26:47,
80194,-0.0161,0.0210
,-0.9984,1.7500,-4.0
600,-1.4700
2026-07-01,14:26:47,
80293,-0.0127,0.0205
,-1.0009,1.8200,-4.0
600,-1.4700
2026-07-01,14:26:48,
80394,-0.0151,0.0210
,-0.9994,1.7500,-4.2
000,-1.5400
2026-07-01,14:26:48,
80494,-0.0146,0.0195
,-0.9984,1.8200,-4.0
600,-1.4700
2026-07-01,14:26:48,
80594,-0.0122,0.0229
,-1.0004,1.8200,-4.2
000,-1.5400
2026-07-01,14:26:48,
80694,-0.0117,0.0239
,-1.0014,1.5400,-3.9
900,-1.6100
2026-07-01,14:26:48,
80793,-0.0127,0.0239
,-0.9994,1.7500,-4.0
600,-1.4000
2026-07-01,14:26:48,
80894,-0.0132,0.0210
,-0.9989,1.6800,-4.0
600,-1.4700
2026-07-01,14:26:48,
80994,-0.0107,0.0200
,-0.9980,1.7500,-3.9
900,-1.4700
2026-07-01,14:26:48,
81094,-0.0112,0.0190
,-0.9980,1.7500,-4.1
300,-1.4700
2026-07-01,14:26:48,
81198,-0.0112,0.0215
,-0.9970,1.9600,-4.1
300,-1.4000
2026-07-01,14:26:48,
81293,-0.0122,0.0171
,-0.9980,1.6800,-4.0
600,-1.3300
2026-07-01,14:26:49,
81394,-0.0107,0.0224
,-0.9970,1.6100,-4.1
300,-1.5400
2026-07-01,14:26:49,
81494,-0.0137,0.0171
,-0.9975,1.6800,-3.9
900,-1.5400
2026-07-01,14:26:49,
81594,-0.0112,0.0205
,-0.9980,1.7500,-4.1
300,-1.4700
2026-07-01,14:26:49,
81694,-0.0146,0.0195
,-0.9955,1.7500,-3.9
900,-1.5400
2026-07-01,14:26:49,
81793,-0.0122,0.0205
,-0.9999,1.7500,-4.0
600,-1.4700
2026-07-01,14:26:49,
81894,-0.0142,0.0190
,-1.0004,1.7500,-4.1
300,-1.4700
2026-07-01,14:26:49,
81994,-0.0122,0.0234
,-0.9984,1.8200,-4.1
300,-1.4700
2026-07-01,14:26:49,
82094,-0.0093,0.0249
,-0.9975,# SESSION S
TOP
